[{"id":"user-image-BeautyLogo.png","publicUrl":"np://user.desktop.nicepage.com/Site_356421774/images/BeautyLogo.png","size":20730,"hash":"fjTdDfKtoLi9Hi3PA4JILQWt7eY=","fileName":"BeautyLogo.png","name":"BeautyLogo","width":1563,"height":550,"thumbnail":{"url":"np://user.desktop.nicepage.com/Site_356421774/images/thumbnails/BeautyLogo.png","width":250,"height":88},"folderId":null,"usages":[]},{"id":"user-image-empty-cosmetic-jar-rose-gold.jpg","publicUrl":"np://user.desktop.nicepage.com/Site_356421774/images/empty-cosmetic-jar-rose-gold.jpg","size":3633161,"hash":"ETTNlLqfamMNgYeiX1jrdC436Zs=","fileName":"empty-cosmetic-jar-rose-gold.jpg","name":"empty-cosmetic-jar-rose-gold","width":4500,"height":2500,"thumbnail":{"url":"np://user.desktop.nicepage.com/Site_356421774/images/thumbnails/empty-cosmetic-jar-rose-gold.jpg","width":250,"height":139},"folderId":null,"usages":["26077089"]},{"id":"user-image-6896.jpg","publicUrl":"np://user.desktop.nicepage.com/Site_356421774/images/6896.jpg","size":2035979,"hash":"/LPvuy3rxKGUlFJwYQn+jcWRZgQ=","fileName":"6896.jpg","name":"6896","width":4500,"height":4500,"thumbnail":{"url":"np://user.desktop.nicepage.com/Site_356421774/images/thumbnails/6896.jpg","width":250,"height":250},"folderId":null,"usages":["26077089"]},{"id":"user-image-51c6yX3sSpS.jpg","publicUrl":"np://user.desktop.nicepage.com/Site_356421774/images/51c6yX3sSpS.jpg","size":103095,"hash":"W9e3IGNvuoIpiKcVJEnz+JbE2ik=","fileName":"51c6yX3sSpS.jpg","name":"51c6yX3sSpS","width":1000,"height":950,"thumbnail":{"url":"np://user.desktop.nicepage.com/Site_356421774/images/thumbnails/51c6yX3sSpS.jpg","width":250,"height":238},"folderId":null,"usages":["26077089","589904892","154610593"]},{"id":"user-image-1670915.png","publicUrl":"np://user.desktop.nicepage.com/Site_356421774/images/1670915.png","size":1670,"hash":"yvbD2Nzyl2NR/sWES6mbSRe/TYM=","fileName":"1670915.png","name":"1670915","width":128,"height":128,"thumbnail":{"url":"np://user.desktop.nicepage.com/Site_356421774/images/thumbnails/1670915.png","width":128,"height":128,"length":1670,"type":"png"},"folderId":null,"usages":["26077089"]},{"id":"user-image-3614273749459-1.jpg","publicUrl":"np://user.desktop.nicepage.com/Site_356421774/images/3614273749459-1.jpg","size":93785,"hash":"HbRanoQKvdvTi0GO5lcCOqiup18=","fileName":"3614273749459-1.jpg","name":"3614273749459-1","width":1200,"height":1200,"thumbnail":{"url":"np://user.desktop.nicepage.com/Site_356421774/images/thumbnails/3614273749459-1.jpg","width":250,"height":250},"folderId":null,"usages":["26077089","65410193","589904892"]},{"id":"user-image-51W2M5-Hn4L.jpg","publicUrl":"np://user.desktop.nicepage.com/Site_356421774/images/51W2M5-Hn4L.jpg","size":49735,"hash":"wpSIkwLdrj/ACvq37ZUyxjPgtTQ=","fileName":"51W2M5-Hn4L.jpg","name":"51W2M5-Hn4L","width":1080,"height":1080,"thumbnail":{"url":"np://user.desktop.nicepage.com/Site_356421774/images/thumbnails/51W2M5-Hn4L.jpg","width":250,"height":250},"folderId":null,"usages":["26077089","589904892","259659088"]},{"id":"user-image-4938822_1.jpg","publicUrl":"np://user.desktop.nicepage.com/Site_356421774/images/4938822_1.jpg","size":30190,"hash":"XDnGSdnjnpCvdzZFQ6qYqxfTrS4=","fileName":"4938822_1.jpg","name":"4938822_1","width":800,"height":800,"thumbnail":{"url":"np://user.desktop.nicepage.com/Site_356421774/images/thumbnails/4938822_1.jpg","width":250,"height":250},"folderId":null,"usages":["26077089","589904892","133104611"]},{"id":"user-image-75584-sol-de-janeiro-cheirosa-68-perfume-mist-240-ml-20220610-164346-big-2x.jpg","publicUrl":"np://user.desktop.nicepage.com/Site_356421774/images/75584-sol-de-janeiro-cheirosa-68-perfume-mist-240-ml-20220610-164346-big-2x.jpg","size":45575,"hash":"rz9bmiHIm91uy9AgKs/qNI2y5yE=","fileName":"75584-sol-de-janeiro-cheirosa-68-perfume-mist-240-ml-20220610-164346-big-2x.jpg","name":"75584-sol-de-janeiro-cheirosa-68-perfume-mist-240-ml-20220610-164346-big-2x","width":800,"height":800,"thumbnail":{"url":"np://user.desktop.nicepage.com/Site_356421774/images/thumbnails/75584-sol-de-janeiro-cheirosa-68-perfume-mist-240-ml-20220610-164346-big-2x.jpg","width":250,"height":250},"folderId":null,"usages":["26077089","589904892","32867683"]},{"id":"user-image-641300_swatch.png","publicUrl":"np://user.desktop.nicepage.com/Site_356421774/images/641300_swatch.png","size":310801,"hash":"/gT85Mt92C86tm6jwvkMQ1/0Kec=","fileName":"641300_swatch.png","name":"641300_swatch","width":585,"height":585,"thumbnail":{"url":"np://user.desktop.nicepage.com/Site_356421774/images/thumbnails/641300_swatch.png","width":250,"height":250},"folderId":null,"usages":["26077089","206792926","589904892"]},{"id":"user-image-R.jpg","publicUrl":"np://user.desktop.nicepage.com/Site_356421774/images/R.jpg","size":135104,"hash":"4RgAW857KX2+UvDoR1Gr5+CQ99Y=","fileName":"R.jpg","name":"R","width":890,"height":890,"thumbnail":{"url":"np://user.desktop.nicepage.com/Site_356421774/images/thumbnails/R.jpg","width":250,"height":250},"folderId":null,"usages":["154610593"]},{"id":"user-image-product_v1_x1.jpg","publicUrl":"np://user.desktop.nicepage.com/Site_356421774/images/product_v1_x1.jpg","size":53046,"hash":"Bh6UI+MuUMx5Uvon2LlTICWxKZc=","fileName":"product_v1_x1.jpg","name":"product_v1_x1","width":445,"height":445,"thumbnail":{"url":"np://user.desktop.nicepage.com/Site_356421774/images/thumbnails/product_v1_x1.jpg","width":250,"height":250},"folderId":null,"usages":["154610593"]},{"id":"user-image-R1.jpg","publicUrl":"np://user.desktop.nicepage.com/Site_356421774/images/R1.jpg","size":1546897,"hash":"syTs9WzZpHuLFxjbBkR6+QrJ4mE=","fileName":"R1.jpg","name":"R1","width":1600,"height":1600,"thumbnail":{"url":"np://user.desktop.nicepage.com/Site_356421774/images/thumbnails/R1.jpg","width":250,"height":250},"folderId":null,"usages":["65410193"]},{"id":"user-image-3614273749558_04.jpg","publicUrl":"np://user.desktop.nicepage.com/Site_356421774/images/3614273749558_04.jpg","size":812792,"hash":"O2jjCjK/6wuIgTlB2OvQm7JPsr4=","fileName":"3614273749558_04.jpg","name":"3614273749558_04","width":2366,"height":2366,"thumbnail":{"url":"np://user.desktop.nicepage.com/Site_356421774/images/thumbnails/3614273749558_04.jpg","width":250,"height":250},"folderId":null,"usages":["65410193"]},{"id":"user-image-719-EyGuJpL._AC_UF10001000_QL80_.jpg","publicUrl":"np://user.desktop.nicepage.com/Site_356421774/images/719-EyGuJpL._AC_UF10001000_QL80_.jpg","size":72467,"hash":"FZ7SQVGn8+18hKKPyRvGUIgXi5w=","fileName":"719-EyGuJpL._AC_UF10001000_QL80_.jpg","name":"719-EyGuJpL._AC_UF10001000_QL80_","width":1000,"height":1000,"thumbnail":{"url":"np://user.desktop.nicepage.com/Site_356421774/images/thumbnails/719-EyGuJpL._AC_UF10001000_QL80_.jpg","width":250,"height":250},"folderId":null,"usages":["65410193"]},{"id":"user-image-R4.jpg","publicUrl":"np://user.desktop.nicepage.com/Site_356421774/images/R4.jpg","size":70665,"hash":"iFjadfgzwN6NgomT3wXX8A5QR28=","fileName":"R4.jpg","name":"R4","width":800,"height":800,"thumbnail":{"url":"np://user.desktop.nicepage.com/Site_356421774/images/thumbnails/R4.jpg","width":250,"height":250},"folderId":null,"usages":["259659088"]},{"id":"user-image-18691489_fpx-Copy.jpg","publicUrl":"np://user.desktop.nicepage.com/Site_356421774/images/18691489_fpx-Copy.jpg","size":86284,"hash":"2ZEDMacGzPyrJ3YZW8yNaiTmI5g=","fileName":"18691489_fpx-Copy.jpg","name":"18691489_fpx-Copy","width":700,"height":744,"thumbnail":{"url":"np://user.desktop.nicepage.com/Site_356421774/images/thumbnails/18691489_fpx-Copy.jpg","width":235,"height":250},"folderId":null,"usages":["259659088"]},{"id":"user-image-R5.jpg","publicUrl":"np://user.desktop.nicepage.com/Site_356421774/images/R5.jpg","size":33982,"hash":"+E/3F+e+iPKnx5+pFXdmEbwBPpM=","fileName":"R5.jpg","name":"R5","width":940,"height":940,"thumbnail":{"url":"np://user.desktop.nicepage.com/Site_356421774/images/thumbnails/R5.jpg","width":250,"height":250},"folderId":null,"usages":["32867683"]},{"id":"user-image-i-054936-brazilian-crush-cheirosa-68-perfume-mist-90ml-7-4-940.jpg","publicUrl":"np://user.desktop.nicepage.com/Site_356421774/images/i-054936-brazilian-crush-cheirosa-68-perfume-mist-90ml-7-4-940.jpg","size":76598,"hash":"o0vfnAkG6gltYUaFKc5cN9m7xjw=","fileName":"i-054936-brazilian-crush-cheirosa-68-perfume-mist-90ml-7-4-940.jpg","name":"i-054936-brazilian-crush-cheirosa-68-perfume-mist-90ml-7-4-940","width":940,"height":940,"thumbnail":{"url":"np://user.desktop.nicepage.com/Site_356421774/images/thumbnails/i-054936-brazilian-crush-cheirosa-68-perfume-mist-90ml-7-4-940.jpg","width":250,"height":250},"folderId":null,"usages":["32867683"]},{"id":"user-image-R6.jpg","publicUrl":"np://user.desktop.nicepage.com/Site_356421774/images/R6.jpg","size":444184,"hash":"28LOGpE0EOFvrCf8oeGIh4fZ/RA=","fileName":"R6.jpg","name":"R6","width":2048,"height":2048,"thumbnail":{"url":"np://user.desktop.nicepage.com/Site_356421774/images/thumbnails/R6.jpg","width":250,"height":250},"folderId":null,"usages":["133104611"]},{"id":"user-image-R7.jpg","publicUrl":"np://user.desktop.nicepage.com/Site_356421774/images/R7.jpg","size":436871,"hash":"amKlUfpvJlGwOTYMZFBZaNexOAs=","fileName":"R7.jpg","name":"R7","width":2048,"height":2328,"thumbnail":{"url":"np://user.desktop.nicepage.com/Site_356421774/images/thumbnails/R7.jpg","width":220,"height":250},"folderId":null,"usages":["133104611"]},{"id":"user-image-P10043412_3.jpg","publicUrl":"np://user.desktop.nicepage.com/Site_356421774/images/P10043412_3.jpg","size":899767,"hash":"GUg0gRLYVzviD69IRqIciFgXDSg=","fileName":"P10043412_3.jpg","name":"P10043412_3","width":1500,"height":1500,"thumbnail":{"url":"np://user.desktop.nicepage.com/Site_356421774/images/thumbnails/P10043412_3.jpg","width":250,"height":250},"folderId":null,"usages":["206792926"]},{"id":"user-image-OIP.jpg","publicUrl":"np://user.desktop.nicepage.com/Site_356421774/images/OIP.jpg","size":50915,"hash":"GEgf8eDKs0vGhic3c08jw5Pemdo=","fileName":"OIP.jpg","name":"OIP","width":474,"height":474,"thumbnail":{"url":"np://user.desktop.nicepage.com/Site_356421774/images/thumbnails/OIP.jpg","width":250,"height":250},"folderId":null,"usages":["206792926"]},{"id":"user-image-o.9Z4Aeelhhqm.jpg","publicUrl":"np://user.desktop.nicepage.com/Site_356421774/images/o.9Z4Aeelhhqm.jpg","size":142231,"hash":"t2NGxN4hVS84jAkYchUeP3bZssU=","fileName":"o.9Z4Aeelhhqm.jpg","name":"o.9Z4Aeelhhqm","width":600,"height":750,"thumbnail":{"url":"np://user.desktop.nicepage.com/Site_356421774/images/thumbnails/o.9Z4Aeelhhqm.jpg","width":200,"height":250},"folderId":null,"usages":["206792926"]},{"id":"user-image-dsa9.jpg","publicUrl":"np://user.desktop.nicepage.com/Site_356421774/images/dsa9.jpg","size":698679,"hash":"g856Fs0sVY2BoQ3L26/+gM8vCHA=","fileName":"dsa9.jpg","name":"dsa9","width":7748,"height":4560,"thumbnail":{"url":"np://user.desktop.nicepage.com/Site_356421774/images/thumbnails/dsa9.jpg","width":250,"height":147},"folderId":null,"usages":["111405595","3048518111","7029565"]},{"id":"user-image-user.png","publicUrl":"np://user.desktop.nicepage.com/Site_356421774/images/user.png","size":17531,"hash":"MkVN+hrweVJzjId5ku/52XXDa5Q=","fileName":"user.png","name":"user","width":512,"height":512,"thumbnail":{"url":"np://user.desktop.nicepage.com/Site_356421774/images/thumbnails/user.png","width":250,"height":250},"folderId":null,"usages":["206792926","65410193","154610593","133104611","259659088","32867683"]}]